label,"dur_prob,",staff position,ymin,xmin,ymax,xmax,classes_and_prob,correct_staff,foreground
c clef,0.246704,7,333,705,366,729,[0.99],"[293, 298, 304, 309, 315, 320, 327, 332, 338, 343, 349, 354, 359, 365, 370]",148.0
semibreve,0.713867,5,308,716,335,737,"[['5', 0.9900832], ['6', 0.009910193], ['4', 5.8481596e-06]]","[293, 298, 304, 309, 315, 320, 327, 332, 338, 343, 349, 354, 359, 365, 370]",128.0
breve,0.871094,6,309,745,344,775,"[['6', 1.0], ['7', 1.11652805e-11], ['5', 7.0757715e-15]]","[293, 298, 304, 309, 316, 321, 327, 332, 336, 341, 350, 355, 360, 366, 371]",157.0
breve rest,0.785645,,301,775,365,790,[],"[292, 297, 303, 308, 316, 321, 327, 332, 338, 343, 349, 354, 359, 365, 370]",164.0
semibreve,0.627441,7,306,796,347,822,"[['7', 0.97616494], ['1', 0.023059143], ['2', 0.0005014916]]","[293, 298, 304, 309, 316, 321, 328, 333, 339, 344, 350, 355, 360, 366, 371]",150.0
semibreve,0.747559,7,310,850,348,871,"[['7', 0.9976052], ['1', 0.001424507], ['6', 0.0009549052]]","[294, 299, 305, 310, 317, 322, 328, 333, 339, 344, 350, 355, 360, 366, 371]",140.0
custos,0.52002,,314,873,351,900,[],"[295, 300, 306, 311, 318, 323, 330, 335, 341, 346, 351, 356, 361, 367, 372]",157.0
