label,"dur_prob,",staff position,ymin,xmin,ymax,xmax,classes_and_prob,correct_staff,foreground
custos,0.258545,,645,475,680,507,[],"[922, 926, 930, 934, 939, 943, 947, 951, 954, 958, 962, 966, 970, 974, 978]",167.0
breve rest,0.125122,,642,514,677,525,[],"[919, 923, 927, 931, 936, 940, 943, 947, 951, 955, 959, 963, 967, 971, 975]",177.0
g clef,0.123352,9,642,624,675,640,[1.0],"[915, 919, 923, 927, 932, 936, 942, 946, 949, 953, 955, 959, 963, 967, 971]",167.0
custos,0.157959,,634,852,655,870,[],"[912, 916, 920, 924, 927, 931, 935, 939, 944, 948, 951, 955, 959, 963, 967]",160.0
