label,"dur_prob,",staff position,ymin,xmin,ymax,xmax,classes_and_prob,correct_staff,foreground
g clef,0.25415,9,171,546,226,577,[1.0],"[151, 156, 162, 167, 174, 179, 185, 190, 195, 200, 205, 210, 215, 221, 226]",148.0
breve,0.218628,6,158,577,190,598,"[['6', 0.99436104], ['5', 0.0056389235], ['0', 9.445842e-09]]","[151, 156, 162, 167, 174, 179, 185, 190, 195, 200, 205, 210, 215, 221, 226]",155.0
semibreve,0.843262,4,156,604,193,628,"[['4', 0.5184396], ['5', 0.48152468], ['1', 3.4210436e-05]]","[152, 157, 163, 168, 175, 180, 186, 191, 196, 201, 206, 211, 216, 222, 227]",149.0
breve,0.868652,4,154,631,195,661,"[['4', 0.9997458], ['3', 0.00019411872], ['5', 6.0054717e-05]]","[153, 158, 164, 169, 175, 180, 186, 191, 197, 202, 207, 212, 217, 223, 228]",154.0
flat,0.170288,3,175,657,222,670,"[['3', 0.97449243], ['13', 0.0143452715], ['11', 0.01096614]]","[154, 159, 165, 170, 176, 181, 187, 192, 197, 202, 207, 212, 217, 223, 228]",171.0
semibreve,0.774414,5,160,664,198,690,"[['5', 0.994245], ['1', 0.0027796312], ['6', 0.0027524084]]","[153, 158, 164, 169, 175, 180, 187, 192, 197, 202, 207, 212, 217, 223, 228]",149.0
custos,0.494385,,151,692,197,726,[],"[153, 158, 164, 169, 176, 181, 187, 192, 197, 202, 207, 212, 217, 223, 228]",161.0
